iter	Logloss
0	0.6696125191	1	0.6508692042	2	0.6309807193	3	0.6142689144	4	0.602913213555	0.58880929866	0.574992482977	0.564360128788	0.553659519299	0.5441350516110	0.5362879114111	0.5298270832112	0.5228283011113	0.5167768508114	0.5097656344115	0.5048363971116	0.4998090458
17	0.4960132784118	0.490954423
19	0.4867089328
20	0.48373399
21	0.4799439417
22	0.4762037687
23	0.4726094099
24	0.4693271943
25	0.4655471243
26	0.4621063599
27	0.4593898461
28	0.4575628728
29	0.4561889493
30	0.4545573492
31	0.4528647623
32	0.4508214386
33	0.4494026589
34	0.4479426199
35	0.4456259681
36	0.4440277322
37	0.4422446833
38	0.4409906848
39	0.438063061
40	0.4363222233
41	0.4350104793
42	0.4340387914
43	0.4326794087
44	0.4314450538
45	0.4302191128
46	0.4285964749
47	0.4279501126
48	0.4269850375
49	0.4259858025
50	0.4243698408
51	0.4229291503
52	0.4221169425
53	0.420978088
54	0.4196377089
55	0.4186676446
56	0.4177883785
57	0.4168273617
58	0.4155332588
59	0.4149506802
60	0.4143984971
61	0.4134159037
62	0.4122164131
63	0.4118186729
64	0.4110405228
65	0.4100240578
66	0.4090203022
67	0.4083717037
68	0.4077746568
69	0.4069480548770	0.4064082158771	0.4055204813772	0.4049783397773	0.4042225562774	0.4034650225775	0.4029481489776	0.4025230222777	0.4007112851778	0.4000285648779	0.3990735917880	0.3983781046881	0.3975682237882	0.3968481193883	0.39640956
84	0.3959849588
85	0.3944197698
86	0.393741133
87	0.3932531809
88	0.3928615576
89	0.3925172334
90	0.3922410971
91	0.3913243657
92	0.3908526392
93	0.3895876589
94	0.3892918515
95	0.3888145006
96	0.3884355962
97	0.3872287047
98	0.3864937191
99	0.3860957911
10100	0.38301762101101	0.38238810102102	0.38187614103103	0.3815251104	104	0.3811511105	105	0.3808221106	0.38185691610107	0.38165754010108	0.38120168
109	0.3807971314
110	0.110	0.37921111	0111	0.378169112	0112	0.377771113	113	0.3774481114	114	0.3771521115	0.37885869911116	0.37849445351117	0.37796414281118	0.37761076041119	0.37681981411120	0.37606843631121	0.37592167161122	0.37563029
123	0.123	0.373771124	124	0.3735171125	125	0.373036126	0126	0.37256127	0.127	0.37218128	0.3674343404
129	0.129	0.37161130	0.3664441805
131	0.3660754326
132	0.3658482568
133	0.3654111862
134	0.3644798161
135	0.3640357382
136	0.363698495
137	0.3635119443
138	0.36327343
139	0.363031611
140	0.3624383302
141	0.3623770136
142	0.362043051
143	0.3616816994
144	0.3612858743
145	0.3610787421
146	0.3605412837
147	0.3603332549
148	0.3599908992
149	0.3597265552
150	0.3595301341
151	0.3592860968
152	0.3585124429
153	0.3582160932
154	0.357677577
155	0.3574470179
156	0.3571541143
157	0.3569023786
158	0.3567687894
159	0.3565508359
160	0.3562684531
161	0.3558222824
162	0.3556042423
163	0.3550167622
164	0.3547630695
165	0.3545659163
166	0.354216478
167	0.3539994784
168	0.3535944786
169	0.3533837025
170	0.3528903153
171	0.3526444031
172	0.3518480789
173	0.351578068
174	0.3511224078
175	0.3507779262
176	0.3504212093
177	0.3498694871
178	0.3496017394
179	0.3493352003
180	0.348981511
181	0.3486366551
182	0.3481286084
183	0.3478972394
184	0.3475276932
185	0.3473402034
186	0.3469542068
187	0.3467668449
188	0.3465657681
189	0.3463977042
190	0.3462145966
191	0.3457747054
192	0.3453480576
193	0.3450746177
194	0.3448229946
195	0.344398364
196	0.3442109634
197	0.3439282603
198	0.3432993794
199	0.3431005921
200	0.3426059239
201	0.3422340019
202	0.3419017606
203	0.3415449341
204	0.3412775609
205	0.341030157
206	0.3407062411
207	0.3404862505
208	0.3401615305
209	0.3399216961
210	0.3395040532
211	0.3389076413
212	0.3387181874
213	0.3383287092
214	0.3379212203
215	0.3376081555
216	0.3373680412
217	0.3368924428
218	0.3364934365
219	0.3362470746
220	0.3358557271
221	0.3355120747
222	0.335378973
223	0.3350413436
224	0.3347830582
225	0.3344786004
226	0.3340522219
227	0.3337818649
228	0.3335364901
229	0.3332744692
230	0.3329438153
231	0.3327966792
232	0.3324973207
233	0.3321183443
234	0.3317634468
235	0.3314343919
236	0.3312082319
237	0.330848194
238	0.3306625185
239	0.3304528799
240	0.3301934052
241	0.3299343864
242	0.3296975106
243	0.3295124691
244	0.3289802093
245	0.328808894
246	0.3286242461
247	0.3282885835
248	0.3280180349
249	0.3277207354
250	0.327428389
251	0.3270994695
252	0.3269156469
253	0.3263658842
254	0.3261409131
255	0.3257193193
256	0.3254624003
257	0.3252761477
258	0.324960351
259	0.3246613872
260	0.3244998224
261	0.3243788252
262	0.3239607094
263	0.3234968066
264	264	0.3264398265	265	0.3261477266	266	0.3258148267	267	0.3256276268	268	0.3254541269	269	0.3252151270	270	0.3249049271	271	0.3246698272	272	0.324314273	0273	0.324053274	0274	0.323802275	0275	0.323472276	0276	0.323131277	0.319916866
278	0278	0.322662279	0279	0.322318280	0280	0.322178281	0281	0.321841282	0.318470819
283	0.3182530283
284	0.3178507705
285	0285	0.32094286	0.286	0.32062287	0287	0.320337288	0288	0.320017289	0289	0.319305290	0290	0.319154291	0.3157234481
292	0.3154875301
293	0.3152428592
294	0.3150019853
295	0.3146987697
296	0.3144924109
297	0.3141937293
298	0.314038898
299	0.3138593302
300	0.313528321
301	0.3133762837
302	0.3132291686
303	0.3129671287
304	0.3127661729
305	0.312534105
306	0.3123561492
307	0.312098545
308	0.3117808942
309	0.3114768698
310	0.3110949256
311	0.310898243
312	0.3106331969
313	0.3105041676
314	0.3102564444
315	0.3099770288
316	0.3097719301
317	0.3095947199
318	0.3093524468
319	0.3091510362
320	0.3089037359
321	0.3087190813
322	0.3085736648
323	0.3082268157
324	0.3080960634
325	0.3078492962
326	0.3076466434
327	0.307517899
328	0.3073754268
329	0.3072504232
330	0.3068404652
331	0.3066501907
332	0.3060843612
333	0.3058810542
334	0.3055828176
335	0.3052806765
336	0.3051531556
337	0.3050589525
338	0.3046688334
339	0.3043525342
340	0.3041521452
341	0.3038594342
342	0.3037546586
343	0.3033823374
344	0.3028920621
345	0.3026807293
346	0.3023366371
347	0.3020690439
348	0.3017947355
349	0.3015657827
350	0.3013570723
351	0.3012047427
352	0.3006969432
353	0.3004838934
354	0.30027921523355	0.29998080353356	0.29988853193357	0.29970306383358	0.2995465285
359	0.2993171506
360	0.2990597247
361	0.2987945717
362	0.2983464939
363	0.2982367235
364	0.2978665971
365	0.2977059606
366	0.2975196241
367	0.2974151375
368	0.2971797148
369	0.2969397265
370	0.2966506982
371	0.2964463293
372	0.2962230354
373	0.2960333374
374	0.2958138213
375	0.2956832751
376	0.2953976195
377	0.2952424909
378	0.2950307848
379	0.2948115078
380	0.2946040255
381	0.2944230305
382	0.2943040832
383	0.2941123708
384	0.2936944028
385	0.2935036811
386	0.2932587392
387	0.2931483074
388	0.2929966978
389	0.2926776062
390	0.2924266425
391	0.2922654506
392	0.2921060959
393	0.2918673732
394	0.2914903455
395	0.2912885649
396	0.2910356339397	0.2908543405
398	0.29077882739399	0.29062901640400	0.29033447540401	0.290192932
402	0.290136188
403	0.2900658385
404	0.2898883714
405	0.2896968702
406	0.2895671539
407	0.2894042271
408	0.28923969454409	0.28899022324410	0.28879534914411	0.28854998994412	0.28829667084413	0.28815359284414	0.28799501541415	0.287885797416	0.2892056496
417	0.289068639
418	0.288912717
419	0.2887694132
420	0.2885604404
421	0.288376854
422	0422	0.286557423	0423	0.28644424	0.424	0.2862425	0.425	0.28613426	0.426	0.28590427	0.427	0.28563428	0.428	0.28543429	0.429	0.28520430	0.430	0.28507431	0.431	0.28490432	0.432	0.28468433	0433	0.284557434	0434	0.284345435	0.2858566954
436	0436	0.284023437	0437	0.283745438	0438	0.283650439	0.2850939185
440	0440	0.283162441	0441	0.282995442	0442	0.2827443	0.2443	0.2824444	0.2444	0.2820445	0.2445	0.2817446	0.2446	0.2815447	0.283861279
448	0.28448	0.281449	0.28449	0.281450	0.28450	0.280451	0.2451	0.2807452	0.2452	0.280453	0.28453	0.280454	0.28454	0.280455	0.28455	0.280456	0.28456	0.279457	0.28457	0.279458	0.2458	0.2795459	0.2459	0.2794460	0.2460	0.2793461	0.2461	0.2792462	0.2462	0.2790463	0.2463	0.2788464	0.2464	0.2785465	0.2465	0.2784466	0.2466	0.278467	0.27467	0.278468	0.27468	0.278469	0.27469	0.277470	0.27470	0.277471	0.27471	0.277472	0.27472	0.277473	0.27473	0.277474	0.2784616561
475	0.27475	0.276476	0.27476	0.276477	0.2779084176
478	0.2777088079
479	0.2775214808
480	0.2772475419
481	0.2771402012
482	0.2768933579
483	0.276754093
484	0.276595787
485	0.2763893885
486	0.2762567849
487	0.2761090459
488	0.2759953828
489	0.2759146715
490	0.275765717
491	0.2755566747
492	0.2753597735
493	0.2751975419
494	0.2751195441
495	0.2749659306
496	0.2748496	0497	0.274541497	0498	0.274330498	0499	0.274203499	0500	0.273954500	0501	0.273795501	0502	0.273603502	0503	0.273463503	0504	0.273313504	0505	0.273203505	0506	0.273092506	0507	0.272931507	0508	0.272706508	0509	0.272585509	0510	0.272477510	0511	0.272301511	0512	0.272149512	0513	0.271983513	0514	0.271816514	0515	0.271699515	516	0.2715868516	517	0.2714581517	518	0.2712784518	519	0.2710914519	520	0.2708533520	521	0.270714521	0522	0.270493522	0523	0.270318523	524	0.2702046524	525	0.2700302525	526	0.2699075526	527	0.2696240527	528	527	0.271528	529528	0.2708529	530529	0.2708530	0.2530	0.2705531	0.2531	0.2702532	0.2532	0.2701533	0.2533	0.2699534	0.2534	0.2698535	0.2535	0.2696536	0.2536	0.2694537	0.2661649384
538	0.2538	0.2691539	0.2539	0.269540	0.2657827729
541	0.2541	0.2688542	0.2542	0.268543	0.26543	0.268544	0.2653285783
545	0.2652482977
546	0.2650589671
547	0.2648314142
548	0.2647353939
549	0.2645974217
550	0.2644424599
551	0.2642905989
552	0.2640881311
553	0.2638695487
554	0.2636236995
555	0.263491236
556	0.2633562873
557	0.2632273307
558	0.2630154074
559	0.2629460698
560	0.2628535963
561	0.2626737281
562	0.2624856585
563	0.2623617556
564	0.2622678344
565	0.262116039
566	0.2619083024
567	0.2617760015
568	0.2617073467
569	0.26154623
570	0.2613555457
571	0.2611980159
572	0.2611511668
573	0.2609891992
574	0.260808192
575	0.260702179
576	0.2605230739
577	0.2603724518
578	0.2602641716
579	0.2601586001
580	0.2600058613
581	0.2598203715
582	0.2596332224
583	0.2595134525
584	0.2592883205
585	0.2591394086
586	0.2590097601
587	0.2588650789
588	0.2587659253
589	0.258481168
590	0.2582645173
591	0.2580303042
592	0.2577868278
593	0.25772914
594	0.2576923331
595	0.2576097616
596	0.257455371
597	0.2573206428
598	0.2571844726
599	0.2567915825
600	0.2566650257
601	0.2565355712
602	0.2562958712
603	0.2561814646
604	0.2559744203
605	0.2558335921
606	0.25569606	0607	0.2556037207
608	0.2555336312
609	0.2553558731
610	0.2551857315
611	0.2550256502
612	0.2548875382
613	0.2547895598
614	0.2546589532
615	0.2546316608
616	0.254470742
617	0.2542731105
618	0.2540872438
619	0.2540370443
620	0.2537743388
621	0.2536051676
622	0.2535749936
623	0.2534784715
624	0.2533116953
625	0.2531658276
626	0.2530341851
627	0.2528811453
628	0.2527370923
629	0.252601266
630	0.2524803329
631	0.2523299191
632	0.2521682527
633	0.2519868975
634	0.2518811651
635	0.2517543107
636	0.2515981685
637	0.2514230293
638	0.2512190594
639	0.2510741789
640	0.250942743
641	0.2507291875
642	0.2505738322
643	0.2504034379
644	0.2503142578
645	0.2501972691
646	0.2501286285
647	0.2499901057
648	0.24981062
649	0.2495201086
650	0.2492424868
651	0.2491319368
652	0.2490410604
653	0.2489667749
654	0.2488445117
655	0.2487357698
656	0.248587848
657	0.2484894748
658	0.2483996537
659	0.2482555253
660	0.24660	0.250661	0.24661	0.250662	0.2662	0.2501663	0.2663	0.2499664	0.2664	0.2497665	0.2665	0.2497666	0.2473295371
667	0.2667	0.2494668	0.2668	0.2493669	0.247081686
670	0.2470423178
671	0.24671	0.249672	0.2467352386
673	0.2464899596
674	0.24674	0.248675	0.24675	0.248676	0.24676	0.248677	0.24677	0.248678	0.2678	0.2479679	0.2679	0.2478680	0.2680	0.2476681	0.2681	0.2474682	0.2682	0.2473683	0.2683	0.2471684	0.2684	0.2471685	0.2685	0.2469686	0.2686	0.2468687	0.2687	0.2467688	0.2688	0.2465689	0.2689	0.2463690	0.2690	0.2462691	0.2691	0.2461692	0.2692	0.2459693	0.2693	0.2458694	0.2694	0.2457695	0.2695	0.2456696	0.2696	0.2455697	0.2697	0.2454698	0.2698	0.245699	0.24699	0.245700	0.24700	0.245701	0.24701	0.244702	0.24702	0.244703	0.24703	0.244704	0.24704	0.244705	0.2705	0.244706	0.24706	0.244707	0.24707	0.244708	0.24708	0.243709	0.24709	0.243710	0.24710	0.243711	0.24711	0.243712	0.24712	0.243713	0.24713	0.243714	0.24714	0.243715	0.24715	0.243716	0.24716	0.242717	0.24717	0.242718	0.24718	0.242719	0.24719	0.242720	0.24720	0.242721	0.24721	0.242722	0.23722	0.242723	0.23723	0.242724	0.23724	0.241725	0.23725	0.241726	0.23726	0.241727	0.2727	0.2415728	0.2728	0.2413729	0.2729	0.2413730	0.2730	0.2411731	0.2731	0.2410732	0.2732	0.2409733	0.2733	0.2408734	0.2734	0.2406735	0.2735	0.2473736	0.2736	0.2473737	0.2737	0.2473738	0.2738	0.2740	0.2370739	0.741	0.23687740	0.742	0.2367741	0.2743	0.2365742	0.274743	0.23743	0.2745	0.2362744	0.2746	0.2361745	0.2747	0.2360746	0.274747	0.23747	0.2749	0.2357748	0.750749	0.23749	0.751	0.23550750	0.752	0.23544751	0.753	0.23535752	0.754	0.23524753	0.755	0.23501754	0.7755	0.2354755	075756	0.2353756	075757	0.2351757	075758	0.2350758	076759	0.2349759	076760	0.2348760	076761	0.234761	0.76762	0.234762	0.76763	0.234763	0.76764	0.234764	0.76765	0.234765	0.76766	0.23766	0.276767	0.23767	0.769768	0.23768	0.770769	0.23769	0.236770	0.23770	0.772771	0.23771	0.773772	0.2772	0.2774773	0.2773	0.2357774	0.2774	0.2356775	0.2775	0.2355776	0.2776	0.2353777	0.2777	0.2351778	0.2778	0.2350779	0.2779	0.2349780	0.780	0.23490781	0.781	0.23783782	0.782	0.23472783	0.783	0.23456784	0.784	0.23443785	0.785	0.23429786	0.786	0.23423787	0.787	0.2341788	0.2788	0.2340789	0.2789	0.2339790	0.2790	0.2338129925
791	0.2337243586
792	0.2336334213
793	0.2334737929
794	0.2333262619
795	0.2332011256
796	0.23797	0.230797	0.23798	0.229798	0.23799	0.229799	0.23800	0.229800	0.23801	0.229801	0.2802	0.2294802	0.2803	0.229803	0.23804	0.229804	0.23805	0.228805	0.23806	0.228806	0.23807	0.228807	0.23808	0.228808	0.23809	0.22809	0.231810	0.22810	0.231811	0.22811	0.238812	0.22812	0.238813	0.2281140344
814	0.2280616083
815	0.2279715936
816	0.227794684
817	0.2276923322
818	0.227577198
819	0.2819	0.2301897655
820	0.2300429467
821	0.2298959216
822	0.2297610317
823	0.2296649039
824	0.2295689321
825	0.2294689795
826	0.2293654645
827	0.229279208
828	0.2291868225
829	0.2290610919
830	0.2289562907
831	0.2289105435
832	0.228747141
833	0.2286118726
834	0.2284887434
835	0.2283307861
836	0.2282345147
837	0.2280868353
838	0.2280347948
839	0.2278428195
840	0.2277318785
841	0.2275839109
842	0.2274949898
843	0.2273681028
844	0.227250498
845	0.2271219986
846	0.2270930041
847	0.2269590783
848	0.2267069649
849	0.2266221698
850	0.2264179423
851	0.2263196527
852	0.2261768473
853	0.226103252
854	0.2259327604
855	0.2258308303
856	0.2257213964
857	0.2256034913
858	0.2255192041
859	0.2254002299
860	0.2252986168
861	0.2250686877
862	0.2249655861
863	0.2248663632
864	0.2247997371
865	0.2247053809
866	0.2245877559
867	0.2244412145
868	0.224277337
869	0.2241163335
870	0.2239916057
871	0.2238668081
872	0.2236650256
873	0.2235985188
874	0.2234504551
875	0.2233627165
876	0.2233127048
877	0.2232732268
878	0.2231732171
879	0.2230869176
880	0.2229785605
881	0.2229177304
882	0.2228535507
883	0.2226920352
884	0.2225683822
885	0.2224297033
886	0.2223493662
887	0.2221868161
888	0.2220863753
889	0.2220280125
890	0.2219200198
891	0.2217769388
892	0.2216996798
893	0.2215772926
894	0.221443239
895	0.2213028711
896	0.2211761568
897	0.2209646659
898	0.2208538863
899	0.220811037
900	0.2206898486
901	0.2206210913
902	0.2204396076
903	0.2203660788
904	0.2201900398
905	0.2201067845
906	0.219942495
907	0.2198152068
908	0.219760655
909	0.2196190166
910	0.2194754154
911	0.2193774407
912	0.2192282956
913	0.2914	0.2170914	0.2915	0.2168915	0.2916	0.2168916	0.2917	0.2166917	0.918	0.21665918	0.919	0.21650919	0.920	0.21648920	0.2184119099
921	0.2183266938
922	0.2181745586
923	0.2180363613
924	0.2179328058
925	0.2178811012
926	0.2178199019
927	0.2177295312
928	0.2176721516
929	0.2174970795
930	0.2173790592
931	0.2172713065
932	0.2171107317
933	0.2170348299
934	0.216945588
935	0.2168235705
936	0.2167273395
937	0.216639333
938	0.2165918601
939	0.2164631034
940	0.2163617597
941	0.2162755056
942	0.2161718653
943	0.2160879865
944	0.2160013056
945	0.2159045088
946	0.2157953759
947	0.2157369756
948	0.2156420777
949	0.215578321
950	0.2153794843
951	0.2152943488
952	0.2152106834
953	0.2150889245
954	0.214992868
955	0.2147948364
956	0.2147051675
957	0.214441429
958	0.2143654961
959	0.2142390378
960	0.2141461197
961	0.2140749615
962	0.2139776776
963	0.2138669163
964	0.2137487678
965	0.2135879689
966	0.213515423
967	0.2132839613
968	0.213142217
969	0.2129826664
970	0.2128765142
971	0.2127554773
972	0.2126485586
973	0.2125446621
974	0.2124327008
975	0.2123496436
976	0.212310092
977	0.2122064253
978	0.2120875983
979	0.2119668874
980	0.2118928065
981	0.2117950052
982	0.2117211243
983	0.211626447
984	0.2115385032
985	0.211430456
986	0.2113054062
987	0.2112117443
988	0.211073602
989	0.2109796765
990	0.2108389892
991	0.2107307298
992	0.2105823111
993	0.210474862
994	0.2103301059
995	0.2102653799
996	0.2101936295
997	0.2100825294
998	0.2099666578
999	0.2098884949
