iter	Passed	Remaining
0	148	148011
1	151	75492
2	154	51269
3	156	39088
4	160	31862
5	163	27005
6	165	23516
7	168	20922
8	171	18898
9	174	17284
10	177	15993
11	181	14972
12	185	14089
13	188	13280
14	191	12553
15	194	11948
16	198	11449
17	200	10963
18	203	10516
19	206	10119220	209	9769221	212	9462222	215	9151223	218	8884224	221	8633225	224	8422226	227	8194227	230	7990228	232	7797229	235	7618330	238	7443331	241	7290332	243	7149333	247	7019334	249	6881335	252	6755336	255	6647337	258	6545338	261	6448
39	264	6351
40	267	6250
41	270	6166442	273	6078443	276	6005
44	279	5925
45	282	5854
46	285	5780
47	287	5707
48	290	5641
49	293	5583
50	296	5518
51	299	5455
52	302	5397
53	305	5352
54	310	5335
55	319	5378
56	325	5388
57	329	5347558	352	5621
59	356	5586
60	366	5638
61	370	5608662	373	5559663	377	5517664	381	5491665	385	5459666	388	5410667	391	5364668	394	5322669	397	5279770	400	5236771	402	5193772	405	5153773	409	5121774	412	5082775	414	5042776	417	5003777	419	4964778	422	4925779	425	4888880	428	4865881	432	4840882	435	4814883	439	4790884	442	4767885	445	4737886	448	4707887	451	4684888	454	4653889	457	4622990	460	4595991	463	4570992	465	4541993	468	4516994	471	4491995	473	4463996	476	4434997	478	4406998	481	4379999	484	4356100	487	4337
101	490	4314
102	493	4294
103	495	4271
104	498	4248
105	501	4226
1106	504	42091107	507	41881108	509	41681109	512	4148110	515	4129
111	518	4113
112	521	4093
113	524	4072
114	526	4052
1115	529	40341116	532	40191117	535	40001118	537	39811119	540	39651120	543	39481121	546	39311122	548	3914123	552	3901
124	555	3886
125	558	3870
126	560	3855
127	563	3841
128	571	3859
129	577	3864
130	583	3869
131	588	3872
132	594	3875
133	600	3879
134	603	3865
135	606	3853
136	610	3842
137	612	3826
138	615	3812
139	618	3798
140	621	3783
141	623	3765
142	626	3753
143	629	3740
144	632	3728
145	635	3714
146	637	3700
147	640	3688
148	643	3676
149	646	3664
150	649	3653
151	652	3641
152	655	3626
153	658	3615
154	661	3605
155	664	3593
156	667	3582
157	670	3570
158	672	3559
159	675	3546
160	678	3535
161	681	3524
162	684	3513
163	687	3502
164	689	3491
165	692	3478
166	695	3467
167	697	3454
168	700	3442
169	703	3432
170	705	3422
171	708	3411
172	711	3400
173	714	3391
174	716	3379
175	719	3370
176	722	3359
177	725	3349
178	728	3339
179	730	3328
180	733	3318
181	735	3307
182	738	3297
183	741	3287
184	744	3278
185	747	3269
186	750	3261
187	752	3250
188	755	3241
189	758	3233
190	761	3224
191	763	3215
192	766	3205
193	769	3196
194	772	3187
195	774	3178
196	777	3170
197	780	3163
198	783	3154
199	786	3145
200	789	3138
201	792	3129
202	795	3122
203	798	3115
204	801	3107
205	804	3099
206	806	3090
207	809	3081
208	812	3074
209	814	3065
210	817	3057
211	820	3049
212	823	3041
213	826	3034
214	828	3026
215	832	3020
216	834	3012
217	837	3004
218	840	2997
219	843	2990
220	846	2983
221	848	2975
222	851	2967
223	854	2961
224	857	2953
225	860	2945
226	862	2938
227	865	2930
228	868	2923
229	871	2917
230	874	2910
231	877	2903
232	879	2895
233	882	2889
234	885	2882
235	890	2882
236	893	2876
237	896	2870
238	900	2866
239	904	2863
240	907	2858
241	910	2852
242	914	2848
243	917	2842
244	920	2837
245	923	2830
246	926	2823
247	928	2816
248	931	2810
249	934	2803
250	937	2797
251	940	2790
252	942	2783
253	945	2778
254	948	2770
255	950	2763
256	953	2757
257	956	2751
258	959	2745
259	962	2738
260	964	2732
261	967	2726
262	970	2720
263	973	2713
264	975	2706
265	978	2700
266	981	2695
267	984	2689
268	987	2684
269	990	2678
270	993	2672
271	996	2665
272	999	2660
273	1002	2655
274	1005	2650
275	1008	2645
276	1011	2639
277	1015	2636
278	1021	2640
279	1026	2640
280	1033	2643
281	1038	2644
282	1044	2646
283	1048	2644
284	1054	2644
285	1058	2643
286	1062	2639
287	1066	2637
288	1070	2634
289	1074	2631
290	1078	2628
291	1083	2627
292	1087	2625
293	1093	2625
294	1097	2623
295	1100	2618
296	1105	2617
297	1109	2613
298	1112	2607
299	1115	2603
300	1119	2598
301	1122	2593
302	1125	2589
303	1128	2583
304	1131	2578
305	1133	2571
306	1136	2566
307	1139	2560
308	1142	2554
309	1144	2548
310	1147	2543
311	1150	2536
312	1152	2530
313	1155	2524
314	1158	2518
315	1160	2512
316	1163	2507
317	1166	2502
318	1169	2496
319	1172	2491
320	1175	2485
321	1177	2479
322	1180	2474
323	1183	2468
324	1186	2463
325	1188	2457
326	1191	2452
327	1194	2446
328	1197	2442
329	1200	2437
330	1203	2432
331	1206	2426
332	1208	2421
333	1212	2416
334	1214	2411
335	1217	2406
336	1220	2400
337	1222	2395
338	1225	2389
339	1228	2384
340	1230	2378
341	1233	2373
342	1236	2368
343	1239	2363
344	1242	2358
345	1245	2353
346	1247	2348
347	1250	2343
348	1253	2338
349	1255	2332
350	1258	2326
351	1260	2321
352	1263	2315
353	1266	2311
354	1269	2306
355	1272	2301
356	1275	2297
357	1278	2292
358	1281	2287
359	1284	2283
360	1287	2278
361	1289	2273
362	1293	2269
363	1296	2264
364	1298	2259
365	1301	2254
366	1304	2249
367	1307	2245
368	1310	2241
369	1313	2236
370	1316	2231
371	1318	2225
372	1321	2220
373	1324	2216
374	1327	2212
375	1330	2207
376	1332	2202
377	1335	2198
378	1339	2194
379	1341	2188
380	1344	2183
381	1346	2179
382	1349	2174
383	1352	2169
384	1355	2165
385	1358	2160
386	1361	2156
387	1363	2151
388	1366	2146
389	1369	2142
390	1372	2137
391	1375	2132
392	1377	2127
393	1380	2122
394	1382	2117
395	1385	2112
396	1388	2108
397	1390	2103
398	1393	2098
399	1396	2094
400	1398	20840401	1402	20840402	1404	20840403	1407	20740404	1410	20740405	1413	20640406	1416	20640407	1419	20540408	1421	20540409	1424	20541410	1427	20441411	1429	20441412	1432	20341413	1435	20341414	1437	20241415	1440	20241416	1443	20141417	1446	20141418	1449	20041419	1452	20042420	1455	20042421	1458	19942422	1461	19942423	1463	19842424	1466	19842425	1469	19842426	1472	19742427	1475	19742428	1478	19642429	1481	19643430	1483	19543431	1486	19543432	1489	19443433	1491	19443434	1494	19443435	1497	19343436	1500	19343437	1502	19243438	1505	19243439	1508	19144440	1511	19144441	1514	19144442	1517	19044443	1520	19044444	1523	18944445	1526	18944446	1528	18944447	1531	18844448	1534	18844449	1537	18745450	1540	18745451	1542	18745452	1545	18645453	1548	18645454	1550	18545455	1553	18545456	1556	18445457	1559	18445458	1561	18445459	1564	18346460	1568	18346461	1570	18246462	1573	18246463	1576	18246464	1579	18146465	1582	18146466	1585	18046467	1588	18046468	1591	18046469	1594	17947470	1598	17947471	1601	17947472	1605	17847473	1608	17847474	1610	17847475	1614	17747476	1618	17747477	1622	17747478	1625	17647479	1628	17648480	1631	17548481	1634	17548482	1637	17548483	1640	17448484	1642	17448485	1645	17448486	1648	17348487	1651	17348488	1653	17248489	1656	17249490	1659	17249491	1662	17149492	1665	17149493	1668	17049494	1670	17049495	1673	17049496	1676	16949497	1679	16949498	1682	16849499	1685	16850500	1688	16850501	1690	16750502	1693	16750503	1696	16650504	1699	16650505	1702	16650506	1704	16550507	1707	16550508	1710	16450509	1712	16451510	1715	16451511	1718	16351512	1721	16351513	1724	16351514	1727	16251515	1729	162516	1730	1616
517	1733	1613
518	1736	1609
519	1739	1605
520	1742	1601
521	1745	1598
522	1748	1594
523	1750	1590
524	1753	1586
525	1756	1582
526	1759	1579
527	1761	1575
528	1764	1571
529	1768	1568
530	1772	1565
531	1776	1562
532	1779	1559
533	1783	1556
534	1786	1553
535	1789	1549
536	1792	1545
53537	1796	154538	1797	1537
539	1800	1533
54540	1805	153541	1806	1526
542	1809	1522
543	1811	1518
54544	1816	15154545	1819	15154546	1822	15054547	1825	15054548	1827	15054549	1830	14955550	1833	14955551	1836	14955552	1839	14855553	1842	14855554	1845	14755555	1848	14755556	1851	1472
557	1854	1469
558	1857	1465
559	1860	14656560	1863	14556561	1866	14556562	1868	14556563	1871	14456564	1874	14456565	1876	14356566	1879	14356567	1884	14356568	1889	1430
569	1892	14257570	1896	14257571	1900	1421
572	1903	1418
573	1906	14157574	1909	14157575	1912	14057576	1915	14057577	1917	14057578	1920	13957579	1923	13958580	1926	13858581	1929	13858582	1932	13858583	1934	13758584	1937	13758585	1940	13758586	1942	13658587	1945	13658588	1948	13558589	1951	13559590	1954	13559591	1957	13459592	1960	13459593	1962	13459594	1965	13359595	1967	13359596	1970	13359597	1973	13259598	1976	13259599	1978	13160600	1981	13160601	1984	13160602	1987	13060603	1990	13060604	1992	13060605	1995	129606	1996	1292
60607	2000	12960608	2004	12860609	2007	12861610	2010	12761611	2012	12761612	2015	12761613	2018	12661614	2021	12661615	2023	12661616	2026	12561617	2029	12561618	2032	12561619	2035	12462620	2037	12462621	2040	12462622	2043	12362623	2046	12362624	2049	12262625	2052	12262626	2054	12262627	2057	12162628	2060	12162629	2064	12163630	2066	12063631	2069	12063632	2072	12063633	2075	11963634	2077	11963635	2080	11963636	2083	11863637	2085	11863638	2088	11863639	2091	11764640	2094	11764641	2097	11664642	2099	11664643	2102	11664644	2105	11564645	2108	11564646	2111	1152
647	2114	1148
648	2117	1144
649	2119	1141
650	2122	11365651	2124	11365652	2127	11365653	2130	11265654	2132	11265655	2135	11165656	2137	11165657	2140	11165658	2143	11065659	2146	110660	2147	1101
661	2150	1098
662	2153	1094
663	2156	1091
664	2158	1087
665	2161	1083
66666	2165	108667	2166	1076
668	2169	1073
66669	2173	10767670	2176	106671	2177	1062
67672	2181	10667673	2184	105674	2186	1052
675	2189	1049
676	2192	1045
677	2194	1042
678	2197	1039
679	2200	1035
680	2203	1032
681	2206	1028
682	2209	1025
683	2212	1022
684	2215	1018
685	2218	1015
686	2221	1011
687	2223	1008
688	2226	1004
689	2229	1001
690	2231	998
691	2234	994
692	2237	991
693	2240	987
694	2243	984
695	2245	980
696	2248	977
697	2251	974
698	2254	970
699	2257	967
700	2260	963
701	2262	960
702	2265	957
703	2267	953
704	2270	950
705	2273	946
706	2276	943
707	2278	939
708	2281	936
709	2284	933
710	2287	929
711	2290	926
712	2293	923
713	2296	919
714	2298	916
715	2301	912
716	2304	909
717	2307	906
718	2309	902
719	2313	899
720	2316	896
721	2318	892
722	2321	889
723	2324	886
724	2327	882
725	2330	879
726	2332	876
727	2335	872
728	2338	869
729	2340	865
730	2343	862
731	2346	859
732	2349	855
733	2351	852
734	2354	849
735	2357	845
736	2360	842
737	2363	839
738	2366	835
739	2369	832
740	2372	829
741	2375	825
742	2378	822
743	2380	819
744	2383	815
745	2386	812
746	2389	809
747	2392	806
748	2394	802
749	2397	799
750	2400	795
751	2403	792
752	2406	789
753	2408	785
754	2411	782
755	2413	779
756	2416	775
757	2419	772
758	2422	769
759	2425	765
760	2428	762
761	2430	759
762	2433	756
763	2436	752
764	2439	749
765	2442	746
766	2445	742
767	2448	739
768	2450	736
769	2453	732
770	2456	729
771	2459	726
772	2462	723
773	2464	719
774	2467	716
775	2470	713
776	2473	709
777	2475	706
778	2478	703
779	2481	700
780	2484	696
781	2487	693
782	2490	690
783	2492	686
784	2495	683
785	2499	680
786	2502	677
787	2505	673
788	2508	670
789	2510	667
790	2514	664
791	2517	661
792	2519	657
793	2522	654
794	2525	651
795	2528	648
796	2531	644
797	2534	641
798	2536	638
799	2539	634
800	2542	631
801	2544	628
802	2548	625
803	2550	621
804	2553	618
805	2555	615
806	2559	612
807	2562	608
808	2565	605
809	2568	602
810	2571	599
811	2573	595
812	2576	592
81813	2581	5881814	2584	5881815	2588	5881816	2591	5881817	2595	5781818	2598	57819	2609	572
820	2612	569
821	2615	566
822	2618	563
823	2621	559
824	2624	556
825	2627	553
826	2629	550
827	2633	546
828	2636	543
829	2639	540
830	2642	537
831	2645	534
832	2648	530
833	2651	527
834	2654	524
835	2657	521
836	2660	518
837	2664	515
838	2667	511
839	2669	508
840	2672	505
841	2675	502
842	2678	498
843	2680	495
844	2683	492
845	2686	488
846	2688	485
847	2691	482
848	2693	479
849	2696	475
850	2699	472
851	2702	469
852	2705	466
853	2709	463
854	2712	459
855	2715	456
856	2718	453
857	2721	450
858	2723	447
859	2726	443
860	2728	440
861	2731	437
862	2734	434
863	2736	430
864	2738	427
865	2741	424
866	2744	420
867	2746	417
868	2748	414
869	2750	411
870	2753	407
871	2755	404
872	2757	401
873	2760	397
874	2762	394
875	2765	391
876	2767	388
877	2769	384
878	2772	381
879	2774	378
880	2776	375
881	2779	371
882	2781	368
883	2784	365
884	2786	362
885	2789	358
886	2791	355
887	2794	352
888	2796	349
889	2798	345
890	2801	342
891	2803	339
892	2806	336
893	2808	333
894	2811	329
895	2813	326
896	2816	323
897	2818	320
898	2821	317
899	2824	313
900	2826	310
901	2829	307
902	2831	304
903	2834	301
904	2836	297
905	2840	294
906	2843	291
907	2845	288
908	2848	285
909	2852	282
910	2856	279
911	2859	275
912	2863	272
913	2866	269
914	2869	266
915	2872	263
916	2875	260
917	2877	257
918	2879	253
919	2882	250
920	2885	247
921	2888	244
922	2890	241
923	2893	237
924	2895	234
925	2898	231
926	2900	228
927	2902	225
928	2905	222
929	2907	218
930	2910	215
931	2912	212
932	2914	209
933	2917	206
934	2920	203
935	2923	199
936	2925	196
937	2928	193
938	2930	190
939	2933	187
940	2935	184
941	2938	180
942	2940	177
943	2943	174
944	2946	171
945	2949	168
946	2951	165
947	2954	162
948	2956	158
949	2959	155
950	2961	152
951	2964	149
952	2966	146
953	2969	143
954	2971	140
955	2974	136
956	2977	133
957	2980	130
958	2982	127
959	2984	124
960	2987	121
961	2989	118
962	2991	114
963	2994	111
964	2996	108
965	2999	105
966	3001	102
967	3004	99
968	3006	96
969	3009	93
970	3012	89
971	3014	86
972	3016	83
973	3019	80
974	3021	77
975	3024	74
976	3026	71
977	3029	68
978	3031	65
979	3034	61
980	3036	58
981	3038	55
982	3041	52
983	3043	49
984	3045	46
985	3047	43
986	3050	40
987	3052	37
988	3054	33
989	3057	30
990	3059	27
991	3062	24
992	3064	21
993	3067	18
994	3070	15
995	3072	12
996	3074	9
997	3076	6
998	3078	3
999	3080	0
0
